id,name,property,state,responses,rating,image,map
1,Harris Fox Ranch,Javier Run Creek,Maine,2,100,https://timcamp.s3-us-west-1.amazonaws.com/camp187.jpg,https://www.google.com/maps/embed?pb=!1m18!1m12!1m3!1d92691.04435888634!2d-70.55007934228574!3d43.44817099174576!2m3!1f0!2f0!3f0!3m2!1i1024!2i768!4f13.1!3m3!1m2!1s0x4cb2af789390c709%3A0xfaac2f30f3b90287!2sSwamp%20Grass%20Ln%2C%20Arundel%2C%20ME%2004046!5e0!3m2!1sen!2sus!4v1601597899941!5m2!1sen!2sus
2,Runolfsson Prairie Farm,Ebert Viaduct Forest,Florida,1567,93,https://timcamp.s3-us-west-1.amazonaws.com/camp192.jpg,https://www.google.com/maps/embed?pb=!1m18!1m12!1m3!1d55094.86466806726!2d-83.32368242044049!3d30.338754311563658!2m3!1f0!2f0!3f0!3m2!1i1024!2i768!4f13.1!3m3!1m2!1s0x88eebfcd86d5598d%3A0x15778544bb77d6b3!2sHome%20Field%20Advantage%20Farmstead!5e0!3m2!1sen!2sus!4v1601597183825!5m2!1sen!2sus
3,Bruen Lake,Daphnee Prairie Resort,Texas,25,100,https://timcamp.s3-us-west-1.amazonaws.com/camp229.jpg,https://www.google.com/maps/embed?pb=!1m18!1m12!1m3!1d55316.95401155341!2d-97.42215203153161!3d29.94177138075298!2m3!1f0!2f0!3f0!3m2!1i1024!2i768!4f13.1!3m3!1m2!1s0x864361d21567bf83%3A0x6f8fcfd7dd30d88e!2sArdor%20Wood%20Farm!5e0!3m2!1sen!2sus!4v1601511502193!5m2!1sen!2sus
4,Schamberger Ramp Woods,Annabel Walks Sanctuary,Texas,861,96,https://timcamp.s3-us-west-1.amazonaws.com/camp146.jpg,https://www.google.com/maps/embed?pb=!1m18!1m12!1m3!1d55316.95401155341!2d-97.42215203153161!3d29.94177138075298!2m3!1f0!2f0!3f0!3m2!1i1024!2i768!4f13.1!3m3!1m2!1s0x864361d21567bf83%3A0x6f8fcfd7dd30d88e!2sArdor%20Wood%20Farm!5e0!3m2!1sen!2sus!4v1601511502193!5m2!1sen!2sus
5,Neil Lane Farm,Jacobson Summit Farm,Texas,38,100,https://timcamp.s3-us-west-1.amazonaws.com/camp177.jpg,https://www.google.com/maps/embed?pb=!1m18!1m12!1m3!1d55316.95401155341!2d-97.42215203153161!3d29.94177138075298!2m3!1f0!2f0!3f0!3m2!1i1024!2i768!4f13.1!3m3!1m2!1s0x864361d21567bf83%3A0x6f8fcfd7dd30d88e!2sArdor%20Wood%20Farm!5e0!3m2!1sen!2sus!4v1601511502193!5m2!1sen!2sus
6,Grady Burgs Camping Site,Laron Forest Forest,California,1465,95,https://timcamp.s3-us-west-1.amazonaws.com/camp219.jpg,https://www.google.com/maps/embed?pb=!1m18!1m12!1m3!1d26437.75777640662!2d-116.54228946132449!3d34.076698423888004!2m3!1f0!2f0!3f0!3m2!1i1024!2i768!4f13.1!3m3!1m2!1s0x80db253a8e4edd49%3A0xaa1bb38ea32f703c!2sThe%20Desert%20Rose%20Collective!5e0!3m2!1sen!2sus!4v1601597006195!5m2!1sen!2sus
7,Zieme Heights Lake,Kenna Knoll Ridge,Florida,1127,99,https://timcamp.s3-us-west-1.amazonaws.com/camp264.jpg,https://www.google.com/maps/embed?pb=!1m18!1m12!1m3!1d55094.86466806726!2d-83.32368242044049!3d30.338754311563658!2m3!1f0!2f0!3f0!3m2!1i1024!2i768!4f13.1!3m3!1m2!1s0x88eebfcd86d5598d%3A0x15778544bb77d6b3!2sHome%20Field%20Advantage%20Farmstead!5e0!3m2!1sen!2sus!4v1601597183825!5m2!1sen!2sus
8,Raynor Prairie Getaway,Hazel Parkways Summit,California,35,100,https://timcamp.s3-us-west-1.amazonaws.com/camp220.jpg,https://www.google.com/maps/embed?pb=!1m18!1m12!1m3!1d26437.75777640662!2d-116.54228946132449!3d34.076698423888004!2m3!1f0!2f0!3f0!3m2!1i1024!2i768!4f13.1!3m3!1m2!1s0x80db253a8e4edd49%3A0xaa1bb38ea32f703c!2sThe%20Desert%20Rose%20Collective!5e0!3m2!1sen!2sus!4v1601597006195!5m2!1sen!2sus
9,Yost Ranch,Libby Pines Farm,Washington,43,100,https://timcamp.s3-us-west-1.amazonaws.com/camp162.jpg,https://www.google.com/maps/embed?pb=!1m18!1m12!1m3!1d87136.04105639421!2d-123.01201287000266!3d46.961664804994264!2m3!1f0!2f0!3f0!3m2!1i1024!2i768!4f13.1!3m3!1m2!1s0x5491713b3b939523%3A0xfaeb325183951806!2sHealing%20Hearts%20Ranch!5e0!3m2!1sen!2sus!4v1601598088967!5m2!1sen!2sus
10,Kub Camping,Armstrong Drive Farm,Texas,50,98,https://timcamp.s3-us-west-1.amazonaws.com/camp21.jpg,https://www.google.com/maps/embed?pb=!1m18!1m12!1m3!1d55316.95401155341!2d-97.42215203153161!3d29.94177138075298!2m3!1f0!2f0!3f0!3m2!1i1024!2i768!4f13.1!3m3!1m2!1s0x864361d21567bf83%3A0x6f8fcfd7dd30d88e!2sArdor%20Wood%20Farm!5e0!3m2!1sen!2sus!4v1601511502193!5m2!1sen!2sus
11,Lindgren Springs Ranch,Helmer Landing Ridge,Washington,42,96,https://timcamp.s3-us-west-1.amazonaws.com/camp53.jpg,https://www.google.com/maps/embed?pb=!1m18!1m12!1m3!1d87136.04105639421!2d-123.01201287000266!3d46.961664804994264!2m3!1f0!2f0!3f0!3m2!1i1024!2i768!4f13.1!3m3!1m2!1s0x5491713b3b939523%3A0xfaeb325183951806!2sHealing%20Hearts%20Ranch!5e0!3m2!1sen!2sus!4v1601598088967!5m2!1sen!2sus
12,Vicky Ridge Camp,Lilly Avenue Farm,Florida,36,100,https://timcamp.s3-us-west-1.amazonaws.com/camp111.jpg,https://www.google.com/maps/embed?pb=!1m18!1m12!1m3!1d55094.86466806726!2d-83.32368242044049!3d30.338754311563658!2m3!1f0!2f0!3f0!3m2!1i1024!2i768!4f13.1!3m3!1m2!1s0x88eebfcd86d5598d%3A0x15778544bb77d6b3!2sHome%20Field%20Advantage%20Farmstead!5e0!3m2!1sen!2sus!4v1601597183825!5m2!1sen!2sus
13,Marquardt Woods,Gibson Gardens Resort,California,1981,98,https://timcamp.s3-us-west-1.amazonaws.com/camp27.jpg,https://www.google.com/maps/embed?pb=!1m18!1m12!1m3!1d26437.75777640662!2d-116.54228946132449!3d34.076698423888004!2m3!1f0!2f0!3f0!3m2!1i1024!2i768!4f13.1!3m3!1m2!1s0x80db253a8e4edd49%3A0xaa1bb38ea32f703c!2sThe%20Desert%20Rose%20Collective!5e0!3m2!1sen!2sus!4v1601597006195!5m2!1sen!2sus
14,Lindgren Lake Camping Site,VonRueden Isle Forest,Washington,8,100,https://timcamp.s3-us-west-1.amazonaws.com/camp19.jpg,https://www.google.com/maps/embed?pb=!1m18!1m12!1m3!1d87136.04105639421!2d-123.01201287000266!3d46.961664804994264!2m3!1f0!2f0!3f0!3m2!1i1024!2i768!4f13.1!3m3!1m2!1s0x5491713b3b939523%3A0xfaeb325183951806!2sHealing%20Hearts%20Ranch!5e0!3m2!1sen!2sus!4v1601598088967!5m2!1sen!2sus
15,Grant Inlet Farm,Kohler Locks Ranch,Washington,130,99,https://timcamp.s3-us-west-1.amazonaws.com/camp243.jpg,https://www.google.com/maps/embed?pb=!1m18!1m12!1m3!1d87136.04105639421!2d-123.01201287000266!3d46.961664804994264!2m3!1f0!2f0!3f0!3m2!1i1024!2i768!4f13.1!3m3!1m2!1s0x5491713b3b939523%3A0xfaeb325183951806!2sHealing%20Hearts%20Ranch!5e0!3m2!1sen!2sus!4v1601598088967!5m2!1sen!2sus
16,Murray Woods,Block Knoll Creek,California,233,90,https://timcamp.s3-us-west-1.amazonaws.com/camp137.jpg,https://www.google.com/maps/embed?pb=!1m18!1m12!1m3!1d26437.75777640662!2d-116.54228946132449!3d34.076698423888004!2m3!1f0!2f0!3f0!3m2!1i1024!2i768!4f13.1!3m3!1m2!1s0x80db253a8e4edd49%3A0xaa1bb38ea32f703c!2sThe%20Desert%20Rose%20Collective!5e0!3m2!1sen!2sus!4v1601597006195!5m2!1sen!2sus
17,Armstrong Owl Farm,Samantha Burg Ridge,California,252,94,https://timcamp.s3-us-west-1.amazonaws.com/camp175.jpg,https://www.google.com/maps/embed?pb=!1m18!1m12!1m3!1d26437.75777640662!2d-116.54228946132449!3d34.076698423888004!2m3!1f0!2f0!3f0!3m2!1i1024!2i768!4f13.1!3m3!1m2!1s0x80db253a8e4edd49%3A0xaa1bb38ea32f703c!2sThe%20Desert%20Rose%20Collective!5e0!3m2!1sen!2sus!4v1601597006195!5m2!1sen!2sus
18,Runolfsdottir Bear Camping Site,Swaniawski Ports Creek,California,11,97,https://timcamp.s3-us-west-1.amazonaws.com/camp134.jpg,https://www.google.com/maps/embed?pb=!1m18!1m12!1m3!1d26437.75777640662!2d-116.54228946132449!3d34.076698423888004!2m3!1f0!2f0!3f0!3m2!1i1024!2i768!4f13.1!3m3!1m2!1s0x80db253a8e4edd49%3A0xaa1bb38ea32f703c!2sThe%20Desert%20Rose%20Collective!5e0!3m2!1sen!2sus!4v1601597006195!5m2!1sen!2sus
19,Langosh Bear Camping,Runte Pass Camp,Washington,1208,92,https://timcamp.s3-us-west-1.amazonaws.com/camp64.jpg,https://www.google.com/maps/embed?pb=!1m18!1m12!1m3!1d87136.04105639421!2d-123.01201287000266!3d46.961664804994264!2m3!1f0!2f0!3f0!3m2!1i1024!2i768!4f13.1!3m3!1m2!1s0x5491713b3b939523%3A0xfaeb325183951806!2sHealing%20Hearts%20Ranch!5e0!3m2!1sen!2sus!4v1601598088967!5m2!1sen!2sus
20,Stanton Lake,Donnelly Dale Forest,California,14,100,https://timcamp.s3-us-west-1.amazonaws.com/camp262.jpg,https://www.google.com/maps/embed?pb=!1m18!1m12!1m3!1d26437.75777640662!2d-116.54228946132449!3d34.076698423888004!2m3!1f0!2f0!3f0!3m2!1i1024!2i768!4f13.1!3m3!1m2!1s0x80db253a8e4edd49%3A0xaa1bb38ea32f703c!2sThe%20Desert%20Rose%20Collective!5e0!3m2!1sen!2sus!4v1601597006195!5m2!1sen!2sus
21,Westley Ville Farm,Tromp Ways Sanctuary,California,29,100,https://timcamp.s3-us-west-1.amazonaws.com/camp85.jpg,https://www.google.com/maps/embed?pb=!1m18!1m12!1m3!1d26437.75777640662!2d-116.54228946132449!3d34.076698423888004!2m3!1f0!2f0!3f0!3m2!1i1024!2i768!4f13.1!3m3!1m2!1s0x80db253a8e4edd49%3A0xaa1bb38ea32f703c!2sThe%20Desert%20Rose%20Collective!5e0!3m2!1sen!2sus!4v1601597006195!5m2!1sen!2sus
22,McLaughlin Ranch,Ritchie Pass Sanctuary,Washington,6,85,https://timcamp.s3-us-west-1.amazonaws.com/camp211.jpg,https://www.google.com/maps/embed?pb=!1m18!1m12!1m3!1d87136.04105639421!2d-123.01201287000266!3d46.961664804994264!2m3!1f0!2f0!3f0!3m2!1i1024!2i768!4f13.1!3m3!1m2!1s0x5491713b3b939523%3A0xfaeb325183951806!2sHealing%20Hearts%20Ranch!5e0!3m2!1sen!2sus!4v1601598088967!5m2!1sen!2sus
23,Osvaldo Mission Camping,Gaylord Crossing Ridge,California,504,95,https://timcamp.s3-us-west-1.amazonaws.com/camp126.jpg,https://www.google.com/maps/embed?pb=!1m18!1m12!1m3!1d26437.75777640662!2d-116.54228946132449!3d34.076698423888004!2m3!1f0!2f0!3f0!3m2!1i1024!2i768!4f13.1!3m3!1m2!1s0x80db253a8e4edd49%3A0xaa1bb38ea32f703c!2sThe%20Desert%20Rose%20Collective!5e0!3m2!1sen!2sus!4v1601597006195!5m2!1sen!2sus
24,Rowe Village Lake,Santina Extension Ranch,Washington,44,100,https://timcamp.s3-us-west-1.amazonaws.com/camp235.jpg,https://www.google.com/maps/embed?pb=!1m18!1m12!1m3!1d87136.04105639421!2d-123.01201287000266!3d46.961664804994264!2m3!1f0!2f0!3f0!3m2!1i1024!2i768!4f13.1!3m3!1m2!1s0x5491713b3b939523%3A0xfaeb325183951806!2sHealing%20Hearts%20Ranch!5e0!3m2!1sen!2sus!4v1601598088967!5m2!1sen!2sus
25,Harvey Squares Camping Site,Demario Creek Land,Maine,1507,96,https://timcamp.s3-us-west-1.amazonaws.com/camp81.jpg,https://www.google.com/maps/embed?pb=!1m18!1m12!1m3!1d92691.04435888634!2d-70.55007934228574!3d43.44817099174576!2m3!1f0!2f0!3f0!3m2!1i1024!2i768!4f13.1!3m3!1m2!1s0x4cb2af789390c709%3A0xfaac2f30f3b90287!2sSwamp%20Grass%20Ln%2C%20Arundel%2C%20ME%2004046!5e0!3m2!1sen!2sus!4v1601597899941!5m2!1sen!2sus
26,Rolfson Lake,Lang Plain Ridge,Florida,18,85,https://timcamp.s3-us-west-1.amazonaws.com/camp116.jpg,https://www.google.com/maps/embed?pb=!1m18!1m12!1m3!1d55094.86466806726!2d-83.32368242044049!3d30.338754311563658!2m3!1f0!2f0!3f0!3m2!1i1024!2i768!4f13.1!3m3!1m2!1s0x88eebfcd86d5598d%3A0x15778544bb77d6b3!2sHome%20Field%20Advantage%20Farmstead!5e0!3m2!1sen!2sus!4v1601597183825!5m2!1sen!2sus
27,Jalyn Loop Ranch,Winnifred Fall Land,Maine,40,100,https://timcamp.s3-us-west-1.amazonaws.com/camp56.jpg,https://www.google.com/maps/embed?pb=!1m18!1m12!1m3!1d92691.04435888634!2d-70.55007934228574!3d43.44817099174576!2m3!1f0!2f0!3f0!3m2!1i1024!2i768!4f13.1!3m3!1m2!1s0x4cb2af789390c709%3A0xfaac2f30f3b90287!2sSwamp%20Grass%20Ln%2C%20Arundel%2C%20ME%2004046!5e0!3m2!1sen!2sus!4v1601597899941!5m2!1sen!2sus
28,Hessel Wolf Lake,Rogers Villages Ridge,Texas,21,100,https://timcamp.s3-us-west-1.amazonaws.com/camp88.jpg,https://www.google.com/maps/embed?pb=!1m18!1m12!1m3!1d55316.95401155341!2d-97.42215203153161!3d29.94177138075298!2m3!1f0!2f0!3f0!3m2!1i1024!2i768!4f13.1!3m3!1m2!1s0x864361d21567bf83%3A0x6f8fcfd7dd30d88e!2sArdor%20Wood%20Farm!5e0!3m2!1sen!2sus!4v1601511502193!5m2!1sen!2sus
29,Emard Forges Camp,Dare Mountain Sanctuary,Washington,24,86,https://timcamp.s3-us-west-1.amazonaws.com/camp104.jpg,https://www.google.com/maps/embed?pb=!1m18!1m12!1m3!1d87136.04105639421!2d-123.01201287000266!3d46.961664804994264!2m3!1f0!2f0!3f0!3m2!1i1024!2i768!4f13.1!3m3!1m2!1s0x5491713b3b939523%3A0xfaeb325183951806!2sHealing%20Hearts%20Ranch!5e0!3m2!1sen!2sus!4v1601598088967!5m2!1sen!2sus
30,Graham Solitude,Spencer Hills Campground,Maine,35,100,https://timcamp.s3-us-west-1.amazonaws.com/camp2.jpg,https://www.google.com/maps/embed?pb=!1m18!1m12!1m3!1d92691.04435888634!2d-70.55007934228574!3d43.44817099174576!2m3!1f0!2f0!3f0!3m2!1i1024!2i768!4f13.1!3m3!1m2!1s0x4cb2af789390c709%3A0xfaac2f30f3b90287!2sSwamp%20Grass%20Ln%2C%20Arundel%2C%20ME%2004046!5e0!3m2!1sen!2sus!4v1601597899941!5m2!1sen!2sus
31,Bruen Walks Camp,Tremayne Causeway Summit,Florida,332,93,https://timcamp.s3-us-west-1.amazonaws.com/camp224.jpg,https://www.google.com/maps/embed?pb=!1m18!1m12!1m3!1d55094.86466806726!2d-83.32368242044049!3d30.338754311563658!2m3!1f0!2f0!3f0!3m2!1i1024!2i768!4f13.1!3m3!1m2!1s0x88eebfcd86d5598d%3A0x15778544bb77d6b3!2sHome%20Field%20Advantage%20Farmstead!5e0!3m2!1sen!2sus!4v1601597183825!5m2!1sen!2sus
32,Balistreri Owl Camping,Verlie Rapids Campground,Maine,37,100,https://timcamp.s3-us-west-1.amazonaws.com/camp258.jpg,https://www.google.com/maps/embed?pb=!1m18!1m12!1m3!1d92691.04435888634!2d-70.55007934228574!3d43.44817099174576!2m3!1f0!2f0!3f0!3m2!1i1024!2i768!4f13.1!3m3!1m2!1s0x4cb2af789390c709%3A0xfaac2f30f3b90287!2sSwamp%20Grass%20Ln%2C%20Arundel%2C%20ME%2004046!5e0!3m2!1sen!2sus!4v1601597899941!5m2!1sen!2sus
33,Viola Track Ranch,Cheyanne Trail Resort,Texas,25,100,https://timcamp.s3-us-west-1.amazonaws.com/camp222.jpg,https://www.google.com/maps/embed?pb=!1m18!1m12!1m3!1d55316.95401155341!2d-97.42215203153161!3d29.94177138075298!2m3!1f0!2f0!3f0!3m2!1i1024!2i768!4f13.1!3m3!1m2!1s0x864361d21567bf83%3A0x6f8fcfd7dd30d88e!2sArdor%20Wood%20Farm!5e0!3m2!1sen!2sus!4v1601511502193!5m2!1sen!2sus
34,Tyrique Hills Lake,Cruickshank Coves Land,California,46,96,https://timcamp.s3-us-west-1.amazonaws.com/camp96.jpg,https://www.google.com/maps/embed?pb=!1m18!1m12!1m3!1d26437.75777640662!2d-116.54228946132449!3d34.076698423888004!2m3!1f0!2f0!3f0!3m2!1i1024!2i768!4f13.1!3m3!1m2!1s0x80db253a8e4edd49%3A0xaa1bb38ea32f703c!2sThe%20Desert%20Rose%20Collective!5e0!3m2!1sen!2sus!4v1601597006195!5m2!1sen!2sus
35,Chauncey Rapids Woods,Alta Mountains Ranch,Maine,1,95,https://timcamp.s3-us-west-1.amazonaws.com/camp201.jpg,https://www.google.com/maps/embed?pb=!1m18!1m12!1m3!1d92691.04435888634!2d-70.55007934228574!3d43.44817099174576!2m3!1f0!2f0!3f0!3m2!1i1024!2i768!4f13.1!3m3!1m2!1s0x4cb2af789390c709%3A0xfaac2f30f3b90287!2sSwamp%20Grass%20Ln%2C%20Arundel%2C%20ME%2004046!5e0!3m2!1sen!2sus!4v1601597899941!5m2!1sen!2sus
36,Johnson Burgs Farm,Lorena Mountains Resort,California,2,100,https://timcamp.s3-us-west-1.amazonaws.com/camp86.jpg,https://www.google.com/maps/embed?pb=!1m18!1m12!1m3!1d26437.75777640662!2d-116.54228946132449!3d34.076698423888004!2m3!1f0!2f0!3f0!3m2!1i1024!2i768!4f13.1!3m3!1m2!1s0x80db253a8e4edd49%3A0xaa1bb38ea32f703c!2sThe%20Desert%20Rose%20Collective!5e0!3m2!1sen!2sus!4v1601597006195!5m2!1sen!2sus
37,O''Connell Eagle Ranch,Gleichner Harbors Creek,Texas,360,96,https://timcamp.s3-us-west-1.amazonaws.com/camp62.jpg,https://www.google.com/maps/embed?pb=!1m18!1m12!1m3!1d55316.95401155341!2d-97.42215203153161!3d29.94177138075298!2m3!1f0!2f0!3f0!3m2!1i1024!2i768!4f13.1!3m3!1m2!1s0x864361d21567bf83%3A0x6f8fcfd7dd30d88e!2sArdor%20Wood%20Farm!5e0!3m2!1sen!2sus!4v1601511502193!5m2!1sen!2sus
38,Rempel Bear Camping,Trenton Rapids Forest,California,14,100,https://timcamp.s3-us-west-1.amazonaws.com/camp98.jpg,https://www.google.com/maps/embed?pb=!1m18!1m12!1m3!1d26437.75777640662!2d-116.54228946132449!3d34.076698423888004!2m3!1f0!2f0!3f0!3m2!1i1024!2i768!4f13.1!3m3!1m2!1s0x80db253a8e4edd49%3A0xaa1bb38ea32f703c!2sThe%20Desert%20Rose%20Collective!5e0!3m2!1sen!2sus!4v1601597006195!5m2!1sen!2sus
39,Alisa Canyon Woods,Mosciski Island Land,Maine,33,92,https://timcamp.s3-us-west-1.amazonaws.com/camp148.jpg,https://www.google.com/maps/embed?pb=!1m18!1m12!1m3!1d92691.04435888634!2d-70.55007934228574!3d43.44817099174576!2m3!1f0!2f0!3f0!3m2!1i1024!2i768!4f13.1!3m3!1m2!1s0x4cb2af789390c709%3A0xfaac2f30f3b90287!2sSwamp%20Grass%20Ln%2C%20Arundel%2C%20ME%2004046!5e0!3m2!1sen!2sus!4v1601597899941!5m2!1sen!2sus
40,Conn Getaway,Lennie Light Farm,Texas,35,100,https://timcamp.s3-us-west-1.amazonaws.com/camp260.jpg,https://www.google.com/maps/embed?pb=!1m18!1m12!1m3!1d55316.95401155341!2d-97.42215203153161!3d29.94177138075298!2m3!1f0!2f0!3f0!3m2!1i1024!2i768!4f13.1!3m3!1m2!1s0x864361d21567bf83%3A0x6f8fcfd7dd30d88e!2sArdor%20Wood%20Farm!5e0!3m2!1sen!2sus!4v1601511502193!5m2!1sen!2sus
41,Hahn Getaway,King Corner Farm,California,48,100,https://timcamp.s3-us-west-1.amazonaws.com/camp114.jpg,https://www.google.com/maps/embed?pb=!1m18!1m12!1m3!1d26437.75777640662!2d-116.54228946132449!3d34.076698423888004!2m3!1f0!2f0!3f0!3m2!1i1024!2i768!4f13.1!3m3!1m2!1s0x80db253a8e4edd49%3A0xaa1bb38ea32f703c!2sThe%20Desert%20Rose%20Collective!5e0!3m2!1sen!2sus!4v1601597006195!5m2!1sen!2sus
42,Wiza Flat Ranch,Cole Forge Land,Maine,32,100,https://timcamp.s3-us-west-1.amazonaws.com/camp82.jpg,https://www.google.com/maps/embed?pb=!1m18!1m12!1m3!1d92691.04435888634!2d-70.55007934228574!3d43.44817099174576!2m3!1f0!2f0!3f0!3m2!1i1024!2i768!4f13.1!3m3!1m2!1s0x4cb2af789390c709%3A0xfaac2f30f3b90287!2sSwamp%20Grass%20Ln%2C%20Arundel%2C%20ME%2004046!5e0!3m2!1sen!2sus!4v1601597899941!5m2!1sen!2sus
43,Elda Turnpike Solitude,Marguerite Fall Farm,Texas,18,100,https://timcamp.s3-us-west-1.amazonaws.com/camp35.jpg,https://www.google.com/maps/embed?pb=!1m18!1m12!1m3!1d55316.95401155341!2d-97.42215203153161!3d29.94177138075298!2m3!1f0!2f0!3f0!3m2!1i1024!2i768!4f13.1!3m3!1m2!1s0x864361d21567bf83%3A0x6f8fcfd7dd30d88e!2sArdor%20Wood%20Farm!5e0!3m2!1sen!2sus!4v1601511502193!5m2!1sen!2sus
44,Crawford Meadow Canyon,Heathcote Club Camp,California,40,100,https://timcamp.s3-us-west-1.amazonaws.com/camp240.jpg,https://www.google.com/maps/embed?pb=!1m18!1m12!1m3!1d26437.75777640662!2d-116.54228946132449!3d34.076698423888004!2m3!1f0!2f0!3f0!3m2!1i1024!2i768!4f13.1!3m3!1m2!1s0x80db253a8e4edd49%3A0xaa1bb38ea32f703c!2sThe%20Desert%20Rose%20Collective!5e0!3m2!1sen!2sus!4v1601597006195!5m2!1sen!2sus
45,Paucek Unions Lake,Efrain Field Land,California,26,100,https://timcamp.s3-us-west-1.amazonaws.com/camp172.jpg,https://www.google.com/maps/embed?pb=!1m18!1m12!1m3!1d26437.75777640662!2d-116.54228946132449!3d34.076698423888004!2m3!1f0!2f0!3f0!3m2!1i1024!2i768!4f13.1!3m3!1m2!1s0x80db253a8e4edd49%3A0xaa1bb38ea32f703c!2sThe%20Desert%20Rose%20Collective!5e0!3m2!1sen!2sus!4v1601597006195!5m2!1sen!2sus
46,Muller Fox Woods,Minnie Plaza Farm,Texas,13,100,https://timcamp.s3-us-west-1.amazonaws.com/camp178.jpg,https://www.google.com/maps/embed?pb=!1m18!1m12!1m3!1d55316.95401155341!2d-97.42215203153161!3d29.94177138075298!2m3!1f0!2f0!3f0!3m2!1i1024!2i768!4f13.1!3m3!1m2!1s0x864361d21567bf83%3A0x6f8fcfd7dd30d88e!2sArdor%20Wood%20Farm!5e0!3m2!1sen!2sus!4v1601511502193!5m2!1sen!2sus
47,Trantow Getaway,Nyasia Meadows Resort,Washington,697,94,https://timcamp.s3-us-west-1.amazonaws.com/camp110.jpg,https://www.google.com/maps/embed?pb=!1m18!1m12!1m3!1d87136.04105639421!2d-123.01201287000266!3d46.961664804994264!2m3!1f0!2f0!3f0!3m2!1i1024!2i768!4f13.1!3m3!1m2!1s0x5491713b3b939523%3A0xfaeb325183951806!2sHealing%20Hearts%20Ranch!5e0!3m2!1sen!2sus!4v1601598088967!5m2!1sen!2sus
48,Larson Bear Camping Site,Lulu Skyway Forest,Washington,113,99,https://timcamp.s3-us-west-1.amazonaws.com/camp34.jpg,https://www.google.com/maps/embed?pb=!1m18!1m12!1m3!1d87136.04105639421!2d-123.01201287000266!3d46.961664804994264!2m3!1f0!2f0!3f0!3m2!1i1024!2i768!4f13.1!3m3!1m2!1s0x5491713b3b939523%3A0xfaeb325183951806!2sHealing%20Hearts%20Ranch!5e0!3m2!1sen!2sus!4v1601598088967!5m2!1sen!2sus
49,Cary Burg Solitude,Velda Gateway Sanctuary,Maine,94,95,https://timcamp.s3-us-west-1.amazonaws.com/camp66.jpg,https://www.google.com/maps/embed?pb=!1m18!1m12!1m3!1d92691.04435888634!2d-70.55007934228574!3d43.44817099174576!2m3!1f0!2f0!3f0!3m2!1i1024!2i768!4f13.1!3m3!1m2!1s0x4cb2af789390c709%3A0xfaac2f30f3b90287!2sSwamp%20Grass%20Ln%2C%20Arundel%2C%20ME%2004046!5e0!3m2!1sen!2sus!4v1601597899941!5m2!1sen!2sus
50,Gutkowski Green Ranch,O''Keefe Highway Ranch,Washington,337,98,https://timcamp.s3-us-west-1.amazonaws.com/camp42.jpg,https://www.google.com/maps/embed?pb=!1m18!1m12!1m3!1d87136.04105639421!2d-123.01201287000266!3d46.961664804994264!2m3!1f0!2f0!3f0!3m2!1i1024!2i768!4f13.1!3m3!1m2!1s0x5491713b3b939523%3A0xfaeb325183951806!2sHealing%20Hearts%20Ranch!5e0!3m2!1sen!2sus!4v1601598088967!5m2!1sen!2sus
51,Alexa Plaza Camping Site,Armand Locks Land,Texas,996,99,https://timcamp.s3-us-west-1.amazonaws.com/camp91.jpg,https://www.google.com/maps/embed?pb=!1m18!1m12!1m3!1d55316.95401155341!2d-97.42215203153161!3d29.94177138075298!2m3!1f0!2f0!3f0!3m2!1i1024!2i768!4f13.1!3m3!1m2!1s0x864361d21567bf83%3A0x6f8fcfd7dd30d88e!2sArdor%20Wood%20Farm!5e0!3m2!1sen!2sus!4v1601511502193!5m2!1sen!2sus
52,Christiansen Pines Camp,Swift Junction Ridge,Washington,807,91,https://timcamp.s3-us-west-1.amazonaws.com/camp216.jpg,https://www.google.com/maps/embed?pb=!1m18!1m12!1m3!1d87136.04105639421!2d-123.01201287000266!3d46.961664804994264!2m3!1f0!2f0!3f0!3m2!1i1024!2i768!4f13.1!3m3!1m2!1s0x5491713b3b939523%3A0xfaeb325183951806!2sHealing%20Hearts%20Ranch!5e0!3m2!1sen!2sus!4v1601598088967!5m2!1sen!2sus
53,Pacocha Eagle Camping Site,Demetrius Fords Camp,Washington,913,91,https://timcamp.s3-us-west-1.amazonaws.com/camp1.jpg,https://www.google.com/maps/embed?pb=!1m18!1m12!1m3!1d87136.04105639421!2d-123.01201287000266!3d46.961664804994264!2m3!1f0!2f0!3f0!3m2!1i1024!2i768!4f13.1!3m3!1m2!1s0x5491713b3b939523%3A0xfaeb325183951806!2sHealing%20Hearts%20Ranch!5e0!3m2!1sen!2sus!4v1601598088967!5m2!1sen!2sus
54,Macie Crossing Ranch,Reyes Parkways Forest,California,47,100,https://timcamp.s3-us-west-1.amazonaws.com/camp20.jpg,https://www.google.com/maps/embed?pb=!1m18!1m12!1m3!1d26437.75777640662!2d-116.54228946132449!3d34.076698423888004!2m3!1f0!2f0!3f0!3m2!1i1024!2i768!4f13.1!3m3!1m2!1s0x80db253a8e4edd49%3A0xaa1bb38ea32f703c!2sThe%20Desert%20Rose%20Collective!5e0!3m2!1sen!2sus!4v1601597006195!5m2!1sen!2sus
55,Haag Woods,Schaden Hill Campground,California,49,100,https://timcamp.s3-us-west-1.amazonaws.com/camp183.jpg,https://www.google.com/maps/embed?pb=!1m18!1m12!1m3!1d26437.75777640662!2d-116.54228946132449!3d34.076698423888004!2m3!1f0!2f0!3f0!3m2!1i1024!2i768!4f13.1!3m3!1m2!1s0x80db253a8e4edd49%3A0xaa1bb38ea32f703c!2sThe%20Desert%20Rose%20Collective!5e0!3m2!1sen!2sus!4v1601597006195!5m2!1sen!2sus
56,Mayert Parkways Solitude,Mills Row Forest,Washington,31,100,https://timcamp.s3-us-west-1.amazonaws.com/camp33.jpg,https://www.google.com/maps/embed?pb=!1m18!1m12!1m3!1d87136.04105639421!2d-123.01201287000266!3d46.961664804994264!2m3!1f0!2f0!3f0!3m2!1i1024!2i768!4f13.1!3m3!1m2!1s0x5491713b3b939523%3A0xfaeb325183951806!2sHealing%20Hearts%20Ranch!5e0!3m2!1sen!2sus!4v1601598088967!5m2!1sen!2sus
57,Sigrid Road Camping Site,Lenna Parks Ridge,Washington,16,100,https://timcamp.s3-us-west-1.amazonaws.com/camp79.jpg,https://www.google.com/maps/embed?pb=!1m18!1m12!1m3!1d87136.04105639421!2d-123.01201287000266!3d46.961664804994264!2m3!1f0!2f0!3f0!3m2!1i1024!2i768!4f13.1!3m3!1m2!1s0x5491713b3b939523%3A0xfaeb325183951806!2sHealing%20Hearts%20Ranch!5e0!3m2!1sen!2sus!4v1601598088967!5m2!1sen!2sus
58,Hintz Ranch,Morar Pine Ridge,Maine,9,100,https://timcamp.s3-us-west-1.amazonaws.com/camp55.jpg,https://www.google.com/maps/embed?pb=!1m18!1m12!1m3!1d92691.04435888634!2d-70.55007934228574!3d43.44817099174576!2m3!1f0!2f0!3f0!3m2!1i1024!2i768!4f13.1!3m3!1m2!1s0x4cb2af789390c709%3A0xfaac2f30f3b90287!2sSwamp%20Grass%20Ln%2C%20Arundel%2C%20ME%2004046!5e0!3m2!1sen!2sus!4v1601597899941!5m2!1sen!2sus
59,O''Keefe Bear Solitude,Reina Bypass Creek,California,1949,94,https://timcamp.s3-us-west-1.amazonaws.com/camp284.jpg,https://www.google.com/maps/embed?pb=!1m18!1m12!1m3!1d26437.75777640662!2d-116.54228946132449!3d34.076698423888004!2m3!1f0!2f0!3f0!3m2!1i1024!2i768!4f13.1!3m3!1m2!1s0x80db253a8e4edd49%3A0xaa1bb38ea32f703c!2sThe%20Desert%20Rose%20Collective!5e0!3m2!1sen!2sus!4v1601597006195!5m2!1sen!2sus
60,Kuphal Getaway,Enrico Terrace Summit,Washington,14,83,https://timcamp.s3-us-west-1.amazonaws.com/camp204.jpg,https://www.google.com/maps/embed?pb=!1m18!1m12!1m3!1d87136.04105639421!2d-123.01201287000266!3d46.961664804994264!2m3!1f0!2f0!3f0!3m2!1i1024!2i768!4f13.1!3m3!1m2!1s0x5491713b3b939523%3A0xfaeb325183951806!2sHealing%20Hearts%20Ranch!5e0!3m2!1sen!2sus!4v1601598088967!5m2!1sen!2sus
61,Hahn Goat Lake,Kirlin Tunnel Forest,California,47,100,https://timcamp.s3-us-west-1.amazonaws.com/camp48.jpg,https://www.google.com/maps/embed?pb=!1m18!1m12!1m3!1d26437.75777640662!2d-116.54228946132449!3d34.076698423888004!2m3!1f0!2f0!3f0!3m2!1i1024!2i768!4f13.1!3m3!1m2!1s0x80db253a8e4edd49%3A0xaa1bb38ea32f703c!2sThe%20Desert%20Rose%20Collective!5e0!3m2!1sen!2sus!4v1601597006195!5m2!1sen!2sus
62,Noah Turnpike Woods,Citlalli Lane Ranch,Washington,235,90,https://timcamp.s3-us-west-1.amazonaws.com/camp57.jpg,https://www.google.com/maps/embed?pb=!1m18!1m12!1m3!1d87136.04105639421!2d-123.01201287000266!3d46.961664804994264!2m3!1f0!2f0!3f0!3m2!1i1024!2i768!4f13.1!3m3!1m2!1s0x5491713b3b939523%3A0xfaeb325183951806!2sHealing%20Hearts%20Ranch!5e0!3m2!1sen!2sus!4v1601598088967!5m2!1sen!2sus
63,Kozey Island Camping,Bosco Port Land,Maine,1289,94,https://timcamp.s3-us-west-1.amazonaws.com/camp239.jpg,https://www.google.com/maps/embed?pb=!1m18!1m12!1m3!1d92691.04435888634!2d-70.55007934228574!3d43.44817099174576!2m3!1f0!2f0!3f0!3m2!1i1024!2i768!4f13.1!3m3!1m2!1s0x4cb2af789390c709%3A0xfaac2f30f3b90287!2sSwamp%20Grass%20Ln%2C%20Arundel%2C%20ME%2004046!5e0!3m2!1sen!2sus!4v1601597899941!5m2!1sen!2sus
64,Kohler Raven Farm,Wolf Square Ranch,Maine,9,100,https://timcamp.s3-us-west-1.amazonaws.com/camp94.jpg,https://www.google.com/maps/embed?pb=!1m18!1m12!1m3!1d92691.04435888634!2d-70.55007934228574!3d43.44817099174576!2m3!1f0!2f0!3f0!3m2!1i1024!2i768!4f13.1!3m3!1m2!1s0x4cb2af789390c709%3A0xfaac2f30f3b90287!2sSwamp%20Grass%20Ln%2C%20Arundel%2C%20ME%2004046!5e0!3m2!1sen!2sus!4v1601597899941!5m2!1sen!2sus
65,Weber Gardens Getaway,Schaden Pines Summit,Florida,38,100,https://timcamp.s3-us-west-1.amazonaws.com/camp180.jpg,https://www.google.com/maps/embed?pb=!1m18!1m12!1m3!1d55094.86466806726!2d-83.32368242044049!3d30.338754311563658!2m3!1f0!2f0!3f0!3m2!1i1024!2i768!4f13.1!3m3!1m2!1s0x88eebfcd86d5598d%3A0x15778544bb77d6b3!2sHome%20Field%20Advantage%20Farmstead!5e0!3m2!1sen!2sus!4v1601597183825!5m2!1sen!2sus
66,Larson Passage Camping Site,Elmo Place Resort,California,987,97,https://timcamp.s3-us-west-1.amazonaws.com/camp28.jpg,https://www.google.com/maps/embed?pb=!1m18!1m12!1m3!1d26437.75777640662!2d-116.54228946132449!3d34.076698423888004!2m3!1f0!2f0!3f0!3m2!1i1024!2i768!4f13.1!3m3!1m2!1s0x80db253a8e4edd49%3A0xaa1bb38ea32f703c!2sThe%20Desert%20Rose%20Collective!5e0!3m2!1sen!2sus!4v1601597006195!5m2!1sen!2sus
67,Considine Estate Camping,Heller Inlet Sanctuary,Washington,39,100,https://timcamp.s3-us-west-1.amazonaws.com/camp233.jpg,https://www.google.com/maps/embed?pb=!1m18!1m12!1m3!1d87136.04105639421!2d-123.01201287000266!3d46.961664804994264!2m3!1f0!2f0!3f0!3m2!1i1024!2i768!4f13.1!3m3!1m2!1s0x5491713b3b939523%3A0xfaeb325183951806!2sHealing%20Hearts%20Ranch!5e0!3m2!1sen!2sus!4v1601598088967!5m2!1sen!2sus
68,Karianne Spring Lake,Frances Ferry Forest,Texas,785,84,https://timcamp.s3-us-west-1.amazonaws.com/camp113.jpg,https://www.google.com/maps/embed?pb=!1m18!1m12!1m3!1d55316.95401155341!2d-97.42215203153161!3d29.94177138075298!2m3!1f0!2f0!3f0!3m2!1i1024!2i768!4f13.1!3m3!1m2!1s0x864361d21567bf83%3A0x6f8fcfd7dd30d88e!2sArdor%20Wood%20Farm!5e0!3m2!1sen!2sus!4v1601511502193!5m2!1sen!2sus
69,Medhurst Divide Farm,Pattie Mall Campground,Maine,24,100,https://timcamp.s3-us-west-1.amazonaws.com/camp210.jpg,https://www.google.com/maps/embed?pb=!1m18!1m12!1m3!1d92691.04435888634!2d-70.55007934228574!3d43.44817099174576!2m3!1f0!2f0!3f0!3m2!1i1024!2i768!4f13.1!3m3!1m2!1s0x4cb2af789390c709%3A0xfaac2f30f3b90287!2sSwamp%20Grass%20Ln%2C%20Arundel%2C%20ME%2004046!5e0!3m2!1sen!2sus!4v1601597899941!5m2!1sen!2sus
70,Harber Camp,Reilly Estate Sanctuary,Texas,12,94,https://timcamp.s3-us-west-1.amazonaws.com/camp7.jpg,https://www.google.com/maps/embed?pb=!1m18!1m12!1m3!1d55316.95401155341!2d-97.42215203153161!3d29.94177138075298!2m3!1f0!2f0!3f0!3m2!1i1024!2i768!4f13.1!3m3!1m2!1s0x864361d21567bf83%3A0x6f8fcfd7dd30d88e!2sArdor%20Wood%20Farm!5e0!3m2!1sen!2sus!4v1601511502193!5m2!1sen!2sus
71,Harber Road Camping,Rath Road Farm,Florida,50,99,https://timcamp.s3-us-west-1.amazonaws.com/camp10.jpg,https://www.google.com/maps/embed?pb=!1m18!1m12!1m3!1d55094.86466806726!2d-83.32368242044049!3d30.338754311563658!2m3!1f0!2f0!3f0!3m2!1i1024!2i768!4f13.1!3m3!1m2!1s0x88eebfcd86d5598d%3A0x15778544bb77d6b3!2sHome%20Field%20Advantage%20Farmstead!5e0!3m2!1sen!2sus!4v1601597183825!5m2!1sen!2sus
72,Yundt Ranch,Daniel Spurs Resort,Maine,460,91,https://timcamp.s3-us-west-1.amazonaws.com/camp89.jpg,https://www.google.com/maps/embed?pb=!1m18!1m12!1m3!1d92691.04435888634!2d-70.55007934228574!3d43.44817099174576!2m3!1f0!2f0!3f0!3m2!1i1024!2i768!4f13.1!3m3!1m2!1s0x4cb2af789390c709%3A0xfaac2f30f3b90287!2sSwamp%20Grass%20Ln%2C%20Arundel%2C%20ME%2004046!5e0!3m2!1sen!2sus!4v1601597899941!5m2!1sen!2sus
73,Richmond Roads Camp,Wilbert Crescent Sanctuary,Florida,144,93,https://timcamp.s3-us-west-1.amazonaws.com/camp199.jpg,https://www.google.com/maps/embed?pb=!1m18!1m12!1m3!1d55094.86466806726!2d-83.32368242044049!3d30.338754311563658!2m3!1f0!2f0!3f0!3m2!1i1024!2i768!4f13.1!3m3!1m2!1s0x88eebfcd86d5598d%3A0x15778544bb77d6b3!2sHome%20Field%20Advantage%20Farmstead!5e0!3m2!1sen!2sus!4v1601597183825!5m2!1sen!2sus
74,Kavon Ports Canyon,Martin Fork Ranch,Washington,5,94,https://timcamp.s3-us-west-1.amazonaws.com/camp226.jpg,https://www.google.com/maps/embed?pb=!1m18!1m12!1m3!1d87136.04105639421!2d-123.01201287000266!3d46.961664804994264!2m3!1f0!2f0!3f0!3m2!1i1024!2i768!4f13.1!3m3!1m2!1s0x5491713b3b939523%3A0xfaeb325183951806!2sHealing%20Hearts%20Ranch!5e0!3m2!1sen!2sus!4v1601598088967!5m2!1sen!2sus
75,Gottlieb Camping,O''Kon Lodge Ranch,Washington,45,100,https://timcamp.s3-us-west-1.amazonaws.com/camp77.jpg,https://www.google.com/maps/embed?pb=!1m18!1m12!1m3!1d87136.04105639421!2d-123.01201287000266!3d46.961664804994264!2m3!1f0!2f0!3f0!3m2!1i1024!2i768!4f13.1!3m3!1m2!1s0x5491713b3b939523%3A0xfaeb325183951806!2sHealing%20Hearts%20Ranch!5e0!3m2!1sen!2sus!4v1601598088967!5m2!1sen!2sus
76,Powlowski Woods,Jakubowski Harbors Ranch,Florida,385,93,https://timcamp.s3-us-west-1.amazonaws.com/camp190.jpg,https://www.google.com/maps/embed?pb=!1m18!1m12!1m3!1d55094.86466806726!2d-83.32368242044049!3d30.338754311563658!2m3!1f0!2f0!3f0!3m2!1i1024!2i768!4f13.1!3m3!1m2!1s0x88eebfcd86d5598d%3A0x15778544bb77d6b3!2sHome%20Field%20Advantage%20Farmstead!5e0!3m2!1sen!2sus!4v1601597183825!5m2!1sen!2sus
77,Kassulke Union Getaway,Heaney Junctions Farm,Florida,873,99,https://timcamp.s3-us-west-1.amazonaws.com/camp293.jpg,https://www.google.com/maps/embed?pb=!1m18!1m12!1m3!1d55094.86466806726!2d-83.32368242044049!3d30.338754311563658!2m3!1f0!2f0!3f0!3m2!1i1024!2i768!4f13.1!3m3!1m2!1s0x88eebfcd86d5598d%3A0x15778544bb77d6b3!2sHome%20Field%20Advantage%20Farmstead!5e0!3m2!1sen!2sus!4v1601597183825!5m2!1sen!2sus
78,Ritchie Camping,Douglas Pass Camp,California,7,100,https://timcamp.s3-us-west-1.amazonaws.com/camp191.jpg,https://www.google.com/maps/embed?pb=!1m18!1m12!1m3!1d26437.75777640662!2d-116.54228946132449!3d34.076698423888004!2m3!1f0!2f0!3f0!3m2!1i1024!2i768!4f13.1!3m3!1m2!1s0x80db253a8e4edd49%3A0xaa1bb38ea32f703c!2sThe%20Desert%20Rose%20Collective!5e0!3m2!1sen!2sus!4v1601597006195!5m2!1sen!2sus
79,Kuhic Wolf Camping Site,Genoveva Shores Camp,California,29,100,https://timcamp.s3-us-west-1.amazonaws.com/camp63.jpg,https://www.google.com/maps/embed?pb=!1m18!1m12!1m3!1d26437.75777640662!2d-116.54228946132449!3d34.076698423888004!2m3!1f0!2f0!3f0!3m2!1i1024!2i768!4f13.1!3m3!1m2!1s0x80db253a8e4edd49%3A0xaa1bb38ea32f703c!2sThe%20Desert%20Rose%20Collective!5e0!3m2!1sen!2sus!4v1601597006195!5m2!1sen!2sus
80,Mohr Raven Farm,Krystal Circle Ridge,Texas,910,92,https://timcamp.s3-us-west-1.amazonaws.com/camp74.jpg,https://www.google.com/maps/embed?pb=!1m18!1m12!1m3!1d55316.95401155341!2d-97.42215203153161!3d29.94177138075298!2m3!1f0!2f0!3f0!3m2!1i1024!2i768!4f13.1!3m3!1m2!1s0x864361d21567bf83%3A0x6f8fcfd7dd30d88e!2sArdor%20Wood%20Farm!5e0!3m2!1sen!2sus!4v1601511502193!5m2!1sen!2sus
81,Bergnaum Mount Camping Site,Prosacco Spurs Ranch,California,38,99,https://timcamp.s3-us-west-1.amazonaws.com/camp4.jpg,https://www.google.com/maps/embed?pb=!1m18!1m12!1m3!1d26437.75777640662!2d-116.54228946132449!3d34.076698423888004!2m3!1f0!2f0!3f0!3m2!1i1024!2i768!4f13.1!3m3!1m2!1s0x80db253a8e4edd49%3A0xaa1bb38ea32f703c!2sThe%20Desert%20Rose%20Collective!5e0!3m2!1sen!2sus!4v1601597006195!5m2!1sen!2sus
82,Russel Heights Solitude,Mertz Street Sanctuary,California,33,100,https://timcamp.s3-us-west-1.amazonaws.com/camp155.jpg,https://www.google.com/maps/embed?pb=!1m18!1m12!1m3!1d26437.75777640662!2d-116.54228946132449!3d34.076698423888004!2m3!1f0!2f0!3f0!3m2!1i1024!2i768!4f13.1!3m3!1m2!1s0x80db253a8e4edd49%3A0xaa1bb38ea32f703c!2sThe%20Desert%20Rose%20Collective!5e0!3m2!1sen!2sus!4v1601597006195!5m2!1sen!2sus
83,Walker Camping,Bauch Gateway Sanctuary,California,49,90,https://timcamp.s3-us-west-1.amazonaws.com/camp198.jpg,https://www.google.com/maps/embed?pb=!1m18!1m12!1m3!1d26437.75777640662!2d-116.54228946132449!3d34.076698423888004!2m3!1f0!2f0!3f0!3m2!1i1024!2i768!4f13.1!3m3!1m2!1s0x80db253a8e4edd49%3A0xaa1bb38ea32f703c!2sThe%20Desert%20Rose%20Collective!5e0!3m2!1sen!2sus!4v1601597006195!5m2!1sen!2sus
84,Corbin Parkway Camping,Schiller Turnpike Ridge,Texas,23,100,https://timcamp.s3-us-west-1.amazonaws.com/camp107.jpg,https://www.google.com/maps/embed?pb=!1m18!1m12!1m3!1d55316.95401155341!2d-97.42215203153161!3d29.94177138075298!2m3!1f0!2f0!3f0!3m2!1i1024!2i768!4f13.1!3m3!1m2!1s0x864361d21567bf83%3A0x6f8fcfd7dd30d88e!2sArdor%20Wood%20Farm!5e0!3m2!1sen!2sus!4v1601511502193!5m2!1sen!2sus
85,Guido Ports Lake,Mark Orchard Land,Texas,15,100,https://timcamp.s3-us-west-1.amazonaws.com/camp61.jpg,https://www.google.com/maps/embed?pb=!1m18!1m12!1m3!1d55316.95401155341!2d-97.42215203153161!3d29.94177138075298!2m3!1f0!2f0!3f0!3m2!1i1024!2i768!4f13.1!3m3!1m2!1s0x864361d21567bf83%3A0x6f8fcfd7dd30d88e!2sArdor%20Wood%20Farm!5e0!3m2!1sen!2sus!4v1601511502193!5m2!1sen!2sus
86,Botsford Pine Lake,Brandyn Harbors Land,Florida,47,100,https://timcamp.s3-us-west-1.amazonaws.com/camp158.jpg,https://www.google.com/maps/embed?pb=!1m18!1m12!1m3!1d55094.86466806726!2d-83.32368242044049!3d30.338754311563658!2m3!1f0!2f0!3f0!3m2!1i1024!2i768!4f13.1!3m3!1m2!1s0x88eebfcd86d5598d%3A0x15778544bb77d6b3!2sHome%20Field%20Advantage%20Farmstead!5e0!3m2!1sen!2sus!4v1601597183825!5m2!1sen!2sus
87,Kertzmann Camp,Anderson Run Resort,California,46,100,https://timcamp.s3-us-west-1.amazonaws.com/camp245.jpg,https://www.google.com/maps/embed?pb=!1m18!1m12!1m3!1d26437.75777640662!2d-116.54228946132449!3d34.076698423888004!2m3!1f0!2f0!3f0!3m2!1i1024!2i768!4f13.1!3m3!1m2!1s0x80db253a8e4edd49%3A0xaa1bb38ea32f703c!2sThe%20Desert%20Rose%20Collective!5e0!3m2!1sen!2sus!4v1601597006195!5m2!1sen!2sus
88,Lenna Summit Solitude,Braun Corner Summit,California,855,99,https://timcamp.s3-us-west-1.amazonaws.com/camp120.jpg,https://www.google.com/maps/embed?pb=!1m18!1m12!1m3!1d26437.75777640662!2d-116.54228946132449!3d34.076698423888004!2m3!1f0!2f0!3f0!3m2!1i1024!2i768!4f13.1!3m3!1m2!1s0x80db253a8e4edd49%3A0xaa1bb38ea32f703c!2sThe%20Desert%20Rose%20Collective!5e0!3m2!1sen!2sus!4v1601597006195!5m2!1sen!2sus
89,McLaughlin Eagle Canyon,Raheem Cove Resort,California,697,94,https://timcamp.s3-us-west-1.amazonaws.com/camp69.jpg,https://www.google.com/maps/embed?pb=!1m18!1m12!1m3!1d26437.75777640662!2d-116.54228946132449!3d34.076698423888004!2m3!1f0!2f0!3f0!3m2!1i1024!2i768!4f13.1!3m3!1m2!1s0x80db253a8e4edd49%3A0xaa1bb38ea32f703c!2sThe%20Desert%20Rose%20Collective!5e0!3m2!1sen!2sus!4v1601597006195!5m2!1sen!2sus
90,Donnelly Camping,Orn Cove Ridge,California,216,97,https://timcamp.s3-us-west-1.amazonaws.com/camp270.jpg,https://www.google.com/maps/embed?pb=!1m18!1m12!1m3!1d26437.75777640662!2d-116.54228946132449!3d34.076698423888004!2m3!1f0!2f0!3f0!3m2!1i1024!2i768!4f13.1!3m3!1m2!1s0x80db253a8e4edd49%3A0xaa1bb38ea32f703c!2sThe%20Desert%20Rose%20Collective!5e0!3m2!1sen!2sus!4v1601597006195!5m2!1sen!2sus
91,Breitenberg Farm,Tara Street Campground,Washington,7,100,https://timcamp.s3-us-west-1.amazonaws.com/camp147.jpg,https://www.google.com/maps/embed?pb=!1m18!1m12!1m3!1d87136.04105639421!2d-123.01201287000266!3d46.961664804994264!2m3!1f0!2f0!3f0!3m2!1i1024!2i768!4f13.1!3m3!1m2!1s0x5491713b3b939523%3A0xfaeb325183951806!2sHealing%20Hearts%20Ranch!5e0!3m2!1sen!2sus!4v1601598088967!5m2!1sen!2sus
92,Smith Brook Camp,Kihn Manors Land,Washington,47,82,https://timcamp.s3-us-west-1.amazonaws.com/camp8.jpg,https://www.google.com/maps/embed?pb=!1m18!1m12!1m3!1d87136.04105639421!2d-123.01201287000266!3d46.961664804994264!2m3!1f0!2f0!3f0!3m2!1i1024!2i768!4f13.1!3m3!1m2!1s0x5491713b3b939523%3A0xfaeb325183951806!2sHealing%20Hearts%20Ranch!5e0!3m2!1sen!2sus!4v1601598088967!5m2!1sen!2sus
93,Nienow Ways Woods,Stanford Falls Summit,California,856,96,https://timcamp.s3-us-west-1.amazonaws.com/camp267.jpg,https://www.google.com/maps/embed?pb=!1m18!1m12!1m3!1d26437.75777640662!2d-116.54228946132449!3d34.076698423888004!2m3!1f0!2f0!3f0!3m2!1i1024!2i768!4f13.1!3m3!1m2!1s0x80db253a8e4edd49%3A0xaa1bb38ea32f703c!2sThe%20Desert%20Rose%20Collective!5e0!3m2!1sen!2sus!4v1601597006195!5m2!1sen!2sus
94,Quitzon Camping Site,Sipes Glen Campground,California,13,90,https://timcamp.s3-us-west-1.amazonaws.com/camp18.jpg,https://www.google.com/maps/embed?pb=!1m18!1m12!1m3!1d26437.75777640662!2d-116.54228946132449!3d34.076698423888004!2m3!1f0!2f0!3f0!3m2!1i1024!2i768!4f13.1!3m3!1m2!1s0x80db253a8e4edd49%3A0xaa1bb38ea32f703c!2sThe%20Desert%20Rose%20Collective!5e0!3m2!1sen!2sus!4v1601597006195!5m2!1sen!2sus
95,Towne Farm,Ritchie Cliffs Creek,California,28,100,https://timcamp.s3-us-west-1.amazonaws.com/camp32.jpg,https://www.google.com/maps/embed?pb=!1m18!1m12!1m3!1d26437.75777640662!2d-116.54228946132449!3d34.076698423888004!2m3!1f0!2f0!3f0!3m2!1i1024!2i768!4f13.1!3m3!1m2!1s0x80db253a8e4edd49%3A0xaa1bb38ea32f703c!2sThe%20Desert%20Rose%20Collective!5e0!3m2!1sen!2sus!4v1601597006195!5m2!1sen!2sus
96,King Raven Farm,Terry Rapid Campground,Maine,24,100,https://timcamp.s3-us-west-1.amazonaws.com/camp169.jpg,https://www.google.com/maps/embed?pb=!1m18!1m12!1m3!1d92691.04435888634!2d-70.55007934228574!3d43.44817099174576!2m3!1f0!2f0!3f0!3m2!1i1024!2i768!4f13.1!3m3!1m2!1s0x4cb2af789390c709%3A0xfaac2f30f3b90287!2sSwamp%20Grass%20Ln%2C%20Arundel%2C%20ME%2004046!5e0!3m2!1sen!2sus!4v1601597899941!5m2!1sen!2sus
97,Morar Road Farm,Gaylord Walks Ridge,Texas,9,100,https://timcamp.s3-us-west-1.amazonaws.com/camp65.jpg,https://www.google.com/maps/embed?pb=!1m18!1m12!1m3!1d55316.95401155341!2d-97.42215203153161!3d29.94177138075298!2m3!1f0!2f0!3f0!3m2!1i1024!2i768!4f13.1!3m3!1m2!1s0x864361d21567bf83%3A0x6f8fcfd7dd30d88e!2sArdor%20Wood%20Farm!5e0!3m2!1sen!2sus!4v1601511502193!5m2!1sen!2sus
98,Bartell Owl Getaway,Shields Circles Forest,California,32,100,https://timcamp.s3-us-west-1.amazonaws.com/camp228.jpg,https://www.google.com/maps/embed?pb=!1m18!1m12!1m3!1d26437.75777640662!2d-116.54228946132449!3d34.076698423888004!2m3!1f0!2f0!3f0!3m2!1i1024!2i768!4f13.1!3m3!1m2!1s0x80db253a8e4edd49%3A0xaa1bb38ea32f703c!2sThe%20Desert%20Rose%20Collective!5e0!3m2!1sen!2sus!4v1601597006195!5m2!1sen!2sus
99,Hettinger Camping,Jazmin Dale Ridge,Maine,24,100,https://timcamp.s3-us-west-1.amazonaws.com/camp227.jpg,https://www.google.com/maps/embed?pb=!1m18!1m12!1m3!1d92691.04435888634!2d-70.55007934228574!3d43.44817099174576!2m3!1f0!2f0!3f0!3m2!1i1024!2i768!4f13.1!3m3!1m2!1s0x4cb2af789390c709%3A0xfaac2f30f3b90287!2sSwamp%20Grass%20Ln%2C%20Arundel%2C%20ME%2004046!5e0!3m2!1sen!2sus!4v1601597899941!5m2!1sen!2sus
100,Renner Dale Getaway,Murazik Cove Camp,Maine,11,100,https://timcamp.s3-us-west-1.amazonaws.com/camp277.jpg,https://www.google.com/maps/embed?pb=!1m18!1m12!1m3!1d92691.04435888634!2d-70.55007934228574!3d43.44817099174576!2m3!1f0!2f0!3f0!3m2!1i1024!2i768!4f13.1!3m3!1m2!1s0x4cb2af789390c709%3A0xfaac2f30f3b90287!2sSwamp%20Grass%20Ln%2C%20Arundel%2C%20ME%2004046!5e0!3m2!1sen!2sus!4v1601597899941!5m2!1sen!2sus
